6/22/2026,,,,,,,,,,,,,,,,,,,,,,,
,,,,,,,,,,,,,,,,,,,,,,,
,,,,,,,,,,,,,,,,,,,,,,,
,,,,,,,,,,,,,,,,,,,,,,,
Ration groupe 1,,,,,,,,,Ration groupe 2,,,,,,,,,,,,,,
,,,1 vache,,40,41,,,,,,1 vache,,99,99,,,,,,,,
,Qté M.S.,% M.S.,vache,RTM,Aliment,RTM,,,,Qté M.S.,% M.S.,vache,RTM,Aliment,RTM,,,,,,,,
,,,,,,,,,,,,,,,,,,,,,,,
Silo #1 -Prémix,0.000,93%,0.000,0.00,0,0,,,Silo #1 -Prémix,0.000,93%,0.000,0.00,0,0,,,,,,,,
Silo #6 -Maïs sec,2.500,86%,2.907,2.91,116,116,,,Silo #6 -Maïs sec,3.300,86%,3.837,3.84,380,380,,,,,,,,
Silo #4 Fraîche,2.500,93%,2.688,5.60,108,224,,,Silo #1 -Prémix,2.000,93%,2.143,5.98,212,592,,,,,,,,
Silo #3 -Amino+,1.400,89%,1.573,7.17,63,287,,,Silo #3 -Amino+,1.000,89%,1.124,7.10,111,703,,,,,,,,
Tourteau canola,2.800,87%,3.218,10.39,129,415,,,Tourteau canola,3.800,87%,4.368,11.47,432,1136,,,,,,,,
Écaille de soya,2.000,90%,2.222,12.61,89,504,,,Écaille de soya,1.200,90%,1.333,12.80,132,1268,,,,,,,,
Minéral Taures,0.000,98%,0.000,12.61,0,504,,,Minéral Taures,0.000,98%,0.000,12.80,0,1268,,,,,,,,
Crème DLP,1.100,26%,4.231,16.84,169,674,,,Crème DLP,1.500,26%,5.769,18.57,571,1839,,,,,,,,
---,0.000,35%,0.000,16.84,0,674,,,---,0.000,35%,0.000,18.57,0,1839,,,,,,,,
Paille commodité,0.000,85%,0.000,16.84,0,674,,,Paille commodité,0.000,85%,0.000,18.57,0,1839,,,,,,,,
Ens. Foin #2,3.000,36%,8.333,25.17,333,1007,,,Ens. Foin #2,4.500,36%,12.500,31.07,1238,3076,,,,,,,,
Ens. Maïs #7,11.200,31%,36.129,61.30,1445,2452,,,Ens. Maïs #7,15.000,31%,48.387,79.46,4790,7867,,,,,,,,
(vide),0.000,27%,0.000,61.30,0,2452,,,(vide),0.000,27%,0.000,79.46,0,7867,,,,,,,,
Drèche sèche,0.000,89%,0.000,61.30,0,2452,,,Drèche sèche,1.600,89%,1.798,81.26,178,8045,,,,,,,,
Gras PALMIT,0.000,100%,0.000,61.30,0,2452,,,Gras PALMIT,0.000,100%,0.000,81.26,0,8045,,,,,,,,
Gras Nurisol,0.200,100%,0.200,61.50,8,2460,,,Gras Nurisol,0.150,100%,0.150,81.41,15,8060,,,,,,,,
Paille silo bleu #7,0.300,86%,0.349,61.85,14,2474,,,Paille silo bleu #7,0.000,86%,0.000,81.41,0,8060,,,,,,,,
Eau,0.000,0%,4.003,65.85,160,2634,,,Eau,0.000,0%,5.899,87.31,584,8643,,,,,,,,
,,,,,,,,,,,,,,,,,,,,,,,
Total,27.000,41%,65.85,65.85,,2634,,,Total,34.050,39%,87.31,87.31,,8643,,,,,,,,
,,,,,,,,,,,,,,,,,,,,,,,
,,,,,,,,,,,,,,,,,,,,,,,
,,,,,,,,,,,,,,,,,,,,,,,
Ration groupe 3,,,,,,,,,Ration groupe 4,,,,,,,,,,,,,,
,,,,,78,78,,,,,,,,70,70,,,,,,,,
,Qté M.S.,% M.S.,vache,RTM,Aliment,RTM,,,,Qté M.S.,% M.S.,vache,RTM,Aliment,RTM,,,,,,,,
,,,,,,,,,,,,,,,,,,,,,,,
Silo #1 -Prémix,0.000,93%,0.000,0.00,0,0,,,Silo #2 -Low group,1.200,93%,1.290,1.29,90,90,,,,,,,,
Silo #6 -Maïs sec,2.700,86%,3.140,3.14,245,245,,,Silo #6 -Maïs sec,3.500,86%,4.070,5.36,285,375,,,,,,,,
Silo #1 -Prémix,1.600,93%,1.714,4.85,134,379,,,,0.000,95%,0.000,5.36,0,375,,,,,,,,
Silo #3 -Amino+,0.800,89%,0.899,5.75,70,449,,,Silo #3 -Amino+,0.500,89%,0.562,5.92,39,415,,,,,,,,
Tourteau canola,2.700,87%,3.103,8.86,242,691,,,Tourteau canola,2.500,87%,2.874,8.80,201,616,,,,,,,,
Écaille de soya,0.500,90%,0.556,9.41,43,734,,,Écaille de soya,0.500,90%,0.556,9.35,39,655,,,,,,,,
Minéral Taures,0.000,98%,0.000,9.41,0,734,,,Minéral Taures,0.000,98%,0.000,9.35,0,655,,,,,,,,
Crème DLP,1.200,26%,4.615,14.03,360,1094,,,Crème DLP,1.400,26%,5.385,14.74,377,1031,,,,,,,,
---,0.000,35%,0.000,14.03,0,1094,,,---,0.000,35%,0.000,14.74,0,1031,,,,,,,,
Paille commodité,0.000,85%,0.000,14.03,0,1094,,,Paille commodité,0.000,85%,0.000,14.74,0,1031,,,,,,,,
Ens. Foin #2,3.500,36%,9.722,23.75,758,1852,,,Ens. Foin #2,6.000,36%,16.667,31.40,1167,2198,,,,,,,,
Ens. Maïs #7,12.500,31%,40.323,64.07,3145,4998,,,Ens. Maïs #7,12.600,31%,40.645,72.05,2845,5043,,,,,,,,
(vide),0.000,27%,0.000,64.07,0,4998,,,(vide),0.000,27%,0.000,72.05,0,5043,,,,,,,,
Drèche sèche,1.800,89%,2.022,66.09,158,5155,,,Drèche sèche,2.800,89%,3.146,75.19,220,5264,,,,,,,,
Gras PALMIT,0.000,100%,0.000,66.09,0,5155,,,Gras PALMIT,0.000,100%,0.000,75.19,0,5264,,,,,,,,
Gras Nurisol,0.000,100%,0.000,66.09,0,5155,,,Gras Nurisol,0.000,100%,0.000,75.19,0,5264,,,,,,,,
Paille silo bleu #7,0.000,86%,0.000,66.09,0,5155,,,Paille silo bleu #7,0.000,86%,0.000,75.19,0,5264,,,,,,,,
Eau,0.000,0%,3.906,70.00,305,5460,,,Eau,0.000,0%,4.294,79.49,301,5564,,,,,,,,
,,,,,,,,,,,,,,,,,,,,,,,
Total,27.300,39%,70.00,70.00,,5460,,,Total,31.000,39%,79.49,79.49,,5564,,,,,,,,
,,,,,,,,,,,,,,,,,,,,,,,
,,,,,,,,,,,,,,,,,,,,,,,
,,,,,,,,,,,,,,,,,,,,,,,
Ration Pré-vêlage,,,,,,,,,Taures prével,,,,,,,,,,,,,,
,,,1 vache,,20,20,,,,,,1 vache,,14,14,,,,,,,,
,Qté M.S.,% M.S.,vache,RTM,Aliment,RTM,,,,Qté M.S.,% M.S.,vache,RTM,Aliment,RTM,,,,,,,,
Drèche sèche,0.000,89%,0.000,0.000,0,0,,,Drèche sèche,0.000,89%,0.000,0.000,0,0,,,,,,,,
Ens.,0.000,34%,0.000,0.00,0,0,,,Ens.,0.000,34%,0.000,0.00,0,0,,,,,,,,
Paille commodité,0.000,85%,0.000,0.00,0,0,,,Paille commodité,0.000,85%,0.000,0.00,0,0,,,,,,,,
Écaille de soya,0.600,90%,0.667,0.67,13,13,,,Écaille de soya,0.411,90%,0.457,0.46,6,6,,,,,,,,
Silo #3 -Amino+,0.700,89%,0.787,1.45,16,29,,,Silo #3 -Amino+,0.479,89%,0.539,1.00,8,14,,,,0.430,6.0,,,
Silo #6 -Maïs sec,0.600,86%,0.698,2.15,14,43,,,Silo #6 -Maïs sec,0.411,86%,0.478,1.47,7,21,,,,0.382,5.3,,,
Silo #5 -Taries,0.700,93%,0.751,2.90,15,58,,,Silo #5 -Taries,0.479,93%,0.514,1.99,7,28,,,,0.411,5.8,,,
X-Zélit,0.450,93%,0.485,3.39,10,68,,,X-Zélit,0.000,93%,0.000,1.99,0,28,,,,,17.1,,,
RTM Taries,12.000,30%,40.000,43.39,800,868,,,RTM Taries,10.000,30%,33.333,35.32,467,494,,,,,,,,
,,,,,0,868,,,,,,,,0,494,,,,,,,,
Eau,0.000,0%,0.000,43.39,0,868,,,Eau,0.000,0%,0.000,35.32,0,494,,,,,,,,
,,,,,,,,,,,,,,,,,,,,,,,
Total,15.050,35%,43.39,43.39,868,868,,,Total,11.781,33%,35.32,35.32,494,494,,,,,,,,
,,,,,,,,,,,,,,,,,,,,,,,
,,,,,,,,,,,,,,,,,,,,,,,
Ration Taries normales,,,,,,,,,,,,,,,,,,,,,,,
,,,1 vache,,35,36,,,,,,,,,,,,,,,,,
,Qté M.S.,% M.S.,vache,RTM,Aliment,RTM,JR,2, Fraction pour pré-vel,,,Fraction pour taures,,,total,,,,,,,,
Paille silo bleu #7,5.000,86%,5.814,5.814,203,203,,407,90,,,53,,,346,,,,,,,,
(vide),0.000,27%,0.000,5.814,0,203,,0,0,,,0,,,0,,,,,,,,
Paille commodité,0.000,85%,0.000,5.814,0,203,,0,0,,,0,,,0,,,,,,,,
Drèche sèche,0.000,89%,0.000,5.814,0,203,,0,0,,,0,,,0,,,,,,,,
Ens. Maïs #7,7.800,31%,25.161,30.975,881,1084,,1761,390,,,227,,,1498,,,,,,,,
Silo #3 -Amino+,1.600,89%,1.798,32.773,63,1147,,126,28,,,16,,,107,,,,,,,,
Tourteau canola,0.000,87%,0.000,32.773,0,1147,,0,0,,,0,,,0,,,,,,,,
Silo #5 -Taries,1.100,93%,1.180,33.953,41,1188,,83,18,,,11,,,70,,,,,,,,
Eau,0.000,0%,17.713,51.667,620,1808,,1240,274,,,160,,,1054,,,,,,,,
,,,,,,,,,,,,,,,,,,,,,,,
Total,15.500,30%,51.67,51.67,1808,1808,,3210,800,,,467,,,3075,,,,,,,,
,,,,,,,,,,,,,,,,,,,,,,,
,,,,,,,,,2608,2633,,,,,,,,,,,,,
Modèle à partir de T1 pour T4-T3-T2 (top dress)-T1 (top dress),,,,,,,,,,,,,,,,,,,,,,,
,,,,,,,,,,,,,,,,,,,,,,,
Ration Taures Gr 1 (modèle),,,,,,,,Gr 2,,,Gr3,,,Gr 4,,,Gr 5,,,,,,
,,,1 taure,,12,12,,12,,,14,,,17,,,31,,,Règle de 3,,,
,Qté M.S.,% M.S.,vache,RTM,Aliment,RTM,,Aliment,RTM,,Aliment,RTM,,Aliment,RTM,,Aliment,RTM,,,,,
Paille silo bleu #7,0.000,85%,0.000,0.000,0.0,0,,0.00,0.0,,0.00,0.0,,0.00,0.0,,0.00,0.0,,0.000,0.00,0.00,0.00
Foin sec commodité,0.000,86%,0.000,0.00,0.0,0,,0.00,0.0,,0.00,0.0,,0.00,0.0,,0.00,0.0,,3.500,0.00,0.00,0.00
Ens.,0.000,34%,0.000,0.00,0,0,,0.00,0.0,,0.00,0.0,,0.00,0.0,,0.00,0.0,,13.700,0.02,0.00,0.00
Ens. Maïs #7,0.000,31%,0.000,0.00,0,0,,0.00,0.0,,0.00,0.0,,0.00,0.0,,0.00,0.0,,0.000,0.00,0.00,0.00
Tourteau canola,0.000,87%,0.000,0.00,0,0,,0.00,0.0,,0.00,0.0,,0.00,0.0,,0.00,0.0,,0.280,0.00,0.00,0.00
Minéral Taures,0.010,90%,0.011,0.01,0,0,,0.00,0.0,,0.00,0.0,,0.00,0.0,,19.50,604.4,,0.080,0.00,0.00,0.00
Silo #8 -moulée veaux,0.000,89%,0.000,,0,,,0.00,0.0,,,,,,,,,,,,,,
Eau,0.000,0%,0.002,0.01,0,0,,0.00,0.0,,0.00,0.0,,0.00,0.0,,3.90,120.9,,17.560,0.010,0.000,0.000
,,,,,,,,,,,,,,,,,,,,,,,
Total,0.010,75%,0.01,0.01,0,0,,0.00,0.0,,0.00,0.0,,0.00,0.0,,23.40,725.3,,8.500,,,
,,,,,,,,,,,,,,,,,,,,,,,
Ration Taures Gr 2,,,,,,,,,,,,,,,,,,,,,,,
,,,1 vache,,12,12,,,,,,,,,,,,,,,,,
,Qté M.S.,% M.S.,vache,RTM,Aliment,RTM,,,,,,,,,,,,,,,,,
,,,,,,,,,,,,,,,,,,,,,,,
RTM Taures,0.000,75%,0.000,0.00,0,0,,,,,,,,,,,,,,,,,
,,,,,,,,,,,,,,,,,,,,,,,
Silo #8 -moulée veaux,0.000,87%,0.000,0.00,0,0,,,,,,,,,,,,,,,,,
Minéral V.T.,0.000,0%,#DIV/0!,#DIV/0!,#DIV/0!,#DIV/0!,,,,,,,,,,,,,,,,,
Pierre à chaux,0.000,0%,#DIV/0!,#DIV/0!,#DIV/0!,#DIV/0!,,,,,,,,,,,,,,,,,
,,,,,,,,,,,,,,,,,,,,,,,
Eau,0.000,0%,#DIV/0!,#DIV/0!,#DIV/0!,#DIV/0!,,,,,,,,,,,,,,,,,
,,,,,,,,,,,,,,,,,,,,,,,
Total,0.000,#DIV/0!,0.00,0.00,0,0,,,,,,,,,,,,,,,,,
,,,,,,,,,,,,,,,,,,,,,,,
Ration Taures Gr 3,,,,,,,,,,,,,,,,,,,,,,,
,,,1 vache,,14,14,,,,,,,,,,,,,,,,,
,Qté M.S.,% M.S.,vache,RTM,Aliment,RTM,,,,,,,,,,,,,,,,,
,,,,,,,,,,,,,,,,,,,,,,,
RTM Taures,0.000,75%,0.000,0.00,0,0,,,,,,,,,,,,,,,,,
,,,,,,,,,,,,,,,,,,,,,,,
Ens Maïs #1,0.000,0%,#DIV/0!,#DIV/0!,#DIV/0!,#DIV/0!,,,,,,,,,,,,,,,,,
Paille,0.000,0%,#DIV/0!,#DIV/0!,#DIV/0!,#DIV/0!,,,,,,,,,,,,,,,,,
Tourteau,0.000,0%,#DIV/0!,#DIV/0!,#DIV/0!,#DIV/0!,,,,,,,,,,,,,,,,,
Maïs sec,0.000,0%,#DIV/0!,#DIV/0!,#DIV/0!,#DIV/0!,,,,,,,,,,,,,,,,,
Silo #8 -moulée veaux,0.000,87%,0.000,0.00,0,0,,,,,,,,,,,,,,,,,
Minéral V.T.,0.000,0%,#DIV/0!,#DIV/0!,#DIV/0!,#DIV/0!,,,,,,,,,,,,,,,,,
Pierre à chaux,0.000,0%,#DIV/0!,#DIV/0!,#DIV/0!,#DIV/0!,,,,,,,,,,,,,,,,,
,,,,,,,,,,,,,,,,,,,,,,,
Eau,0.000,0%,#DIV/0!,#DIV/0!,#DIV/0!,#DIV/0!,,,,,,,,,,,,,,,,,
,,,,,,,,,,,,,,,,,,,,,,,
Total,0.000,#DIV/0!,0.00,0.00,0,0,,,,,,,,,,,,,,,,,
,,,,,,,,,,,,,,,,,,,,,,,
Ration Taures Gr 4,,,,,,,,,,,,,,,,,,,,,,,
,,,1 taure,,17,17,,,,,,,,,,,,,,,,,
,Qté M.S.,% M.S.,vache,RTM,Aliment,RTM,,,,,,,,,,,,,,,,,
Tourteau canola,0.000,87%,0.000,0.000,0,0,,,,,,,,,,,,,,,,,
Foin sec commodité,0.000,86%,0.000,0.00,0,0,,,,,,,,,,,,,,,,,
Ens. Foin #2,0.000,36%,0.000,0.00,0,0,,,,,,,,,,,,,,,,,
Ens. Maïs #7,0.000,31%,0.000,0.00,0,0,,,,,,,,,,,,,,,,,
(vide),0.000,27%,0.000,0.00,0,0,,,,,,,,,,,,,,,,,
Minéral Taures,0.000,90%,0.000,0.00,0,0,,,,,,,,,,,,,,,,,
Silo #6 -Maïs sec,0.000,86%,0.000,0.00,0,0,,,,,,,,,,,,,,,,,
Eau,0.000,0%,0.000,0.00,0,0,,,,,,,,,,,,,,,,,
,,,,,,,,,,,,,,,,,,,,,,,
RTM 1-2-3-4,0.000,75%,0.000,0.00,0,0,,,,,,,,,,,,,,,,,
,,,,,,,,,,,,,,,,,,,,,,,
Silo #8 -moulée veaux,0.000,87%,0.000,0.00,0,0,,,,,,,,,,,,,,,,,
,,,,,,,,,,,,,,,,,,,,,,,
Total,0.000,70%,0.00,0.00,0,0,,,,,,,,,,,,,,,,,
,,,,,,,,,,,,,,,,,,,,,,,
,,,,,,,,,,,,,,,,,,,,,,,
,,,,,,,,,,,,,,,,,,,,,,,
Modèle à partir de T4    T4-T3-T2-T1(ou pas),,,,,,,,,,,,,,,,,,,,,,,
,,,,,,,,,,,,,,,,,,,,,,,
Ration Taures Gr 4,,,,,,,,,,PB,,,ENL,,,,,,,,,,
,,,1 taure,,17,17,,,,,,,,,,,,,,,,,
,Qté M.S.,% M.S.,vache,RTM,Aliment,RTM,,,,,,,,,,,,,,,,,
Foin sec commodité,1.500,86%,1.744,1.744,30,30,,,1.500,4%,0.06,,0.92,1.38,,,,,,,,,
Ens. Foin #2,4.000,36%,11.111,12.86,189,219,,2,4.000,20%,0.8,,1.4,5.6,,,,,,,,,
Paille silo bleu #7,0.000,86%,0.000,12.86,0,219,,3.5,0.000,6%,0,,0.5,0,,,,,,,,,
Ens. Maïs #7,2.000,31%,6.452,19.31,110,328,,0.7,2.000,7.50%,0.15,,1.71,3.42,,,,,,,,,
(vide),0.000,27%,0.000,19.31,0,328,,2,0.000,21%,0,,1.9,0,,,,,,,,,
Minéral Taures,0.170,90%,0.189,19.50,3,331,,0.15,0.170,21%,0.0357,,1.9,0.323,,,,,,,,,
Tourteau canola,1.500,87%,1.724,21.22,29,361,,,1.500,6%,0.09,,2,3,,,,,,,,,
Eau,0.000,0%,0.000,21.22,0,361,,,0.000,,0,,,0,,,,,,,,,
,,,,,,,,,,,,,,,,,,,,,,,
RTM 1-2-3-4,0.000,43%,0.000,21.22,0,361,,,,,1.1357,,,13.723,Mcal/jr,,,,,,,,
,,,,,,,,,,,,,,,,,,,,,,,
Silo #8 -moulée veaux,0.000,87%,0.000,21.22,0,361,,,,,9.170,,,,,,,,,,,,
,,,,,,,,,,,,,,,,,,,,,,,
Total,9.170,60%,21.22,21.22,361,361,,,,,12.4%,prot,,,,,,,,,,,
,,,,,,,,,,,,,,,,,,,,,,,
,,,,,,,,,,,15.1,,,12.85,,,,,,,,,
Ration Taures Gr 3,,,,,,,,,,,,,,,,,,,,,,,
,,,1 taure,,14,14,,,,,,,,,,,,,,,,,
,Qté M.S.,% M.S.,vache,RTM,Aliment,RTM,,,,,,,,,,,,,,,,,
Foin sec commodité,1.390,86%,1.617,1.617,23,23,,,,,,,,,,,,,,,,,
Ens. Foin #2,3.708,36%,10.299,11.92,144,167,,,,,,,,,,,,,,,,,
Paille silo bleu #7,0.000,86%,0.000,11.92,0,167,,,,,,,,,,,,,,,,,
Ens. Maïs #7,1.854,31%,5.980,17.90,84,251,,,,,,,,,,,,,,,,,
(vide),0.000,27%,0.000,17.90,0,251,,,,,,,,,,,,,,,,,
Minéral Taures,0.158,90%,0.175,18.07,2,253,,,,,,,,,,,,,,,,,
Tourteau canola,1.390,87%,1.598,19.67,22,275,,,,,,,,,,,,,,,,,
Eau,0.000,0%,0.000,19.67,0,275,,,,,,,,,,,,,,,,,
moulée déjà inclus.,0.000,87%,0.000,19.67,0,275,,,,,,,,,,,,,,,,,
,,,,,,,,,,,,,,,,,,,,,,,
RTM 1-2-3-4,8.500,43%,19.670,19.67,275,275,,,,,,,,,,,,,,,,,
Ajout,,,,,,,,,,,,,,,,,,,,,,,
Silo #8 -moulée veaux,0.000,87%,0.000,19.67,0,275,,,,,,,,,,,,,,,,,
,,,,,,,,,,,,,,,,,,,,,,,
Total,8.500,43%,19.67,19.67,275,275,,,,,,,,,,,,,,,,,
,,,,,,,,,,,,,,,,,,,,,,,
,,,,,,,,,,,,,,,,,,,,,,,
Ration Taures Gr 2,,,,,,,,,,,,,,,,,,,,,,,
,,,1 taure,,12,12,,,,,,,,,,,,,,,,,
,Qté M.S.,% M.S.,vache,RTM,Aliment,RTM,,,,,,,,,,,,,,,,,
Foin sec commodité,1.309,86%,1.522,1.522,18,18,,,,,,,,,,,,,,,,,
Ens. Foin #2,3.490,36%,9.693,11.22,116,135,,,,,,,,,,,,,,,,,
Paille silo bleu #7,0.000,86%,0.000,11.22,0,135,,,,,,,,,,,,,,,,,
Ens. Maïs #7,1.745,31%,5.628,16.84,68,202,,,,,,,,,,,,,,,,,
(vide),0.000,27%,0.000,16.84,0,202,,,,,,,,,,,,,,,,,
Minéral Taures,0.148,90%,0.165,17.01,2,204,,,,,,,,,,,,,,,,,
Tourteau canola,1.309,87%,1.504,18.51,18,222,,,,,,,,,,,,,,,,,
Eau,0.000,0%,0.000,18.51,0,222,,,,,,,,,,,,,,,,,
moulée déjà inclus.,0.000,87%,0.000,18.51,0,222,,,,,,,,,,,,,,,,,
,,,,,,,,,,,,,,,,,,,,,,,
RTM 1-2-3-4,8.000,43%,18.512,18.51,222,222,,,,,,,,,,,,,,,,,
Ajout,,,,,,,,,,,,,,,,,,,,,,,
Silo #8 -moulée veaux,0.000,87%,0.000,18.51,0.0,222,,,,,,,,,,,,,,,,,
,,,,,,,,,,,,,,,,,,,,,,,
Total,8.000,43%,18.51,18.51,222,222,,,,,,,,,,,,,,,,,
,,,,,,,,,,,,,,,,,,,,,,,
,,,,,,,,,,,,,,,,,,,,,,,
Ration Taures Gr 1,,,,,,,,,,,,,,,,,,,,,,,
,,,1 taure,,12,12,,,,,,,,,,,,,,,,,
,Qté M.S.,% M.S.,vache,RTM,Aliment,RTM,,,,,,,,,,,,,,,,,
Foin sec commodité,1.145,86%,1.331,1.331,16,16,,,,,,,,,,,,,,,,,
Ens. Foin #2,3.053,36%,8.482,9.81,102,118,,,,,,,,,,,,,,,,,
Paille silo bleu #7,0.000,86%,0.000,9.81,0,118,,,,,,,,,,,,,,,,,
Ens. Maïs #7,1.527,31%,4.925,14.74,59,177,,,,,,,,,,,,,,,,,
(vide),0.000,27%,0.000,14.74,0,177,,,,,,,,,,,,,,,,,
Minéral Taures,0.130,90%,0.144,14.88,2,179,,,,,,,,,,,,,,,,,
Tourteau canola,1.145,87%,1.316,16.20,16,194,,,,,,,,,,,,,,,,,
Eau,0.000,0%,0.000,16.20,0,194,,,,,,,,,,,,,,,,,
moulée déjà inclus.,0.000,87%,0.000,16.20,0,194,,,,,,,,,,,,,,,,,
,,,,,,,,,,,,,,,,,,,,,,,
RTM 1-2-3-4,7.000,43%,16.198,16.20,194,194,,,,,,,,,,,,,,,,,
,,,,,,,,,,,,,,,,,,,,,,,
Silo #8 -moulée veaux,0.000,87%,0.000,16.20,0.0,194,,,,,,,,,,,,,,,,,
,,,,,,,,,,,,,,,,,,,,,,,
Total,7.000,43%,16.20,16.20,194,194,,,,,,,,,,,,,,,,,
,,,,,,,,,,,,,,,,,,,,,,,
,,,,,,,,,,,,,,,,,,,,,,,
Ration Parcs,,,,,,,,,,,,,,,,,,,,,,,
,,,1 taure,,15,15,,,,,,,,,,,,,,,,,
,Qté M.S.,% M.S.,vache,RTM,Aliment,RTM,,,,,,,,,,,,,,,,,
Foin sec commodité,0.573,86%,0.666,0.666,10,10,,,,,,,,,,,,,,,,,
Ens. Foin #2,1.527,36%,4.241,4.91,64,74,,,,,,,,,,,,,,,,,
Paille silo bleu #7,0.000,86%,0.000,4.91,0,74,,,,,,,,,,,,,,,,,
Ens. Maïs #7,0.763,31%,2.462,7.37,37,111,,,,,,,,,,,,,,,,,
(vide),0.000,27%,0.000,7.37,0,111,,,,,,,,,,,,,,,,,
Minéral Taures,0.065,90%,0.072,7.44,1,112,,,,,,,,,,,,,,,,,
Tourteau canola,0.573,87%,0.658,8.10,10,121,,,,,,,,,,,,,,,,,
Eau,0.000,0%,0.000,8.10,0,121,,,,,,,,,,,,,,,,,
moulée déjà inclus.,0.000,87%,0.000,8.10,0,121,,,,,,,,,,,,,,,,,
,,,,,,,,,,,,,,,,,,,,,,,
RTM 1-2-3-4,3.500,43%,8.099,8.10,121,121,,,,,,,,,,,,,,,,,
,,,,,,,,,,,,,,,,,,,,,,,
Silo #8 -moulée veaux,2.500,87%,2.874,10.97,43.1,165,,,,,,,,,,,,,,,,,
,,,,,,,,,,,,,,,,,,,,,,,
Total,6.000,55%,10.97,10.97,165,165,,,,,,,,,,,,,,,,,
,,,,,,,,,,,,,,,,,,,,,,,
,,,,,,,,,,,,,,,,,,,,,,,
Modèle à partir de T5       T5-T6,,,,,,,,,,,,,,,,,,,,,,,
,,,,,,,,,,,,,,,,,,,,,,,
,,,,,,,,,,,,,,,,,,,,,,,
Ration Taures Gr 5,,,,,,,,,,,,,,,,,,,,,,,
,,,1 taure,,31,31,,,,PB,,,ENL,,,,,,,,,,
,Qté M.S.,% M.S.,vache,RTM,Aliment,RTM,,,,,,,,,,,,,,,,,
Tourteau canola,0.500,87%,0.575,0.575,18,18,,,0.500,20%,0.1,,1.4,0.7,,,,,,,,,
Foin sec commodité,2.000,86%,2.326,2.90,72,90,,,2.000,4%,0.08,,0.6,1.2,,,,,,,,,
Ens. Foin #2,5.000,36%,13.889,16.79,431,520,,,5.000,7%,0.35,,1.71,8.55,,,,,,,,,
Ens. Maïs #7,2.000,31%,6.452,23.24,200,720,,,2.000,6.50%,0.13,,1.71,3.42,,,,,,,,,
(vide),0.000,27%,0.000,23.24,0,720,,,0.000,21%,0,,1.9,0,,,,,,,,,
Minéral Taures,0.140,90%,0.156,23.40,5,725,,,0.140,,0,,,0,,,,,,,,,
Silo #6 -Maïs sec,0.000,86%,0.000,23.40,0,725,,,0.000,,0,,,0,,,,,,,,,
Eau,0.000,0%,0.000,23.40,0,725,,,0.000,,0,,,0,,,,,,,,,
,,,,,,,,,,,,,,,,,,,,,,,
Total,9.640,70%,23.40,23.40,725,725,,,,,0.66,,,13.870,Mcal/jr,,,,,,,,
,,,,,,,,,,,,,,,,,,,,,,,
,,,,,,,,,,,9.640,,,,,,,,,,,,
Ration Taures Gr 6,,,,,,,,,,,,,,,,,,,,,,,
,,,1 taure,,32,32,,,,,6.8%,prot,,,,,,,,,,,
,Qté M.S.,% M.S.,vache,RTM,Aliment,RTM,,,,,,,,,,,,,,,,,
Tourteau canola,0.519,87%,0.596,0.596,19,19,,,,réf,14.4,,réf,13.1,,,,,,,,,
Foin sec commodité,2.075,86%,2.412,3.01,77,96,,,,,,,,,,,,,,,,,
Ens. Foin #2,5.187,36%,14.408,17.42,461,557,,,,,,,,,,,,,,,,,
Ens. Maïs #7,2.075,31%,6.693,24.11,214,771,,,,,,,,,,,,,,,,,
(vide),0.000,27%,0.000,24.11,0,771,,,,,,,,,,,,,,,,,
Minéral Taures,0.145,90%,0.161,24.27,5,777,,,,,,,,,,,,,,,,,
Silo #6 -Maïs sec,0.000,86%,0.000,24.27,0,777,,,,,,,,,,,,,,,,,
Eau,0.000,0%,0.000,24.27,0,777,,,,,,,,,,,,,,,,,
,,,,,,,,,,,,,,,,,,,,,,,
RTM taures gr5,10.000,41%,24.270,,777,777,,,,,,,,,,,,,,,,,
,,,,,,,,,,,10.00,,,,,,,,,,,,
Total,10.000,41%,24.27,24.27,777,777,,,,,,,,,,,,,,,,,
,,,,,,,,,,,0%,prot,,,,,,,,,,,
,,,,,,,,,,,,,,,,,,,,,,,
Taries longues,,,,,,,,,,,,,,,,,,,,,,,
,,,1 taure,,0,0,,,,,,,,,,,,,,,,,
,Qté M.S.,% M.S.,vache,RTM,Aliment,RTM,,,,,,,,,,,,,,,,,
Tourteau canola,0.778,87%,0.894,0.894,0,0,,,,,,,,,,,,,,,,,
Foin sec commodité,3.112,86%,3.619,4.51,0,0,,,,,,,,,,,,,,,,,
Ens. Foin #2,7.780,36%,21.611,26.12,0,0,,,,,,,,,,,,,,,,,
Ens. Maïs #7,3.112,31%,10.039,36.16,0,0,,,,,,,,,,,,,,,,,
(vide),0.000,27%,0.000,36.16,0,0,,,,,,,,,,,,,,,,,
Minéral Taures,0.218,90%,0.242,36.41,0,0,,,,,,,,,,,,,,,,,
Silo #6 -Maïs sec,0.000,86%,0.000,36.41,0,0,,,,,,,,,,,,,,,,,
Eau,0.000,0%,0.000,36.41,0,0,,,,,,,,,,,,,,,,,
,,,,,,,,,,,,,,,,,,,,,,,
RTM taures gr5,15.000,41%,36.405,,0,0,,,,,,,,,,,,,,,,,
,,,,,,,,,,,,,,,,,,,,,,,
Total,15.000,41%,36.41,36.41,0,0,,,,,,,,,,,,,,,,,
,,,,,,,,,,,,,,,,,,,,,,,
,,,,,,,,,,,,,,,,,,,,,,,
,,,,,,,,,,,,,,,,,,,,,,,
Modèle Veaux Boxs RTM paille/moulée,,,,,,,,,,,,,,,,,,,,,,,
,,,,,,,,,,,,,,,,,,,,,,,
,,,,,,,,,,,,,,,,,,,,,,,
RTM Paille/moulée Veaux T1 ,,,,,,,,,,,,,,,,,,,,,,,
,,,1 taure,,18,18,,,,,,,,,,,,,,,,,
,Qté M.S.,% M.S.,vache,RTM,Aliment,RTM,,,,,,,,,,,,,,,,,
Paille silo bleu #7,0.430,86%,0.500,0.500,9,9,,,,,,,,,,,,,,,,,
Silo #8 -moulée veaux,4.450,89%,5.000,5.50,90,99,,,,,,,,,,,,,,,,,
Eau,0.000,0%,0.000,5.50,0,99,,,,,,,,,,,,,,,,,
Tourteau canola,0.000,87%,0.000,5.50,0,99,,,,,,,,,,,,,,,,,
,,,,,,,,,,,,,,,,,,,,,,,
Total,4.880,95%,5.50,5.50,99,99,,,,,,,,,,,,,,,,,
,,,,,,,,,,,,,,,,,,,,,,,
,,9%,,,,,,,,,,,,,,,,,,,,,
